{"v":"4.8.0","meta":{"g":"LottieFiles AE 3.1.1","a":"","k":"","d":"","tc":""},"fr":30,"ip":0,"op":127,"w":500,"h":500,"nm":"ambulance tracking loading","ddd":0,"assets":[],"layers":[{"ddd":0,"ind":1,"ty":4,"nm":"Layer 2","sr":1,"ks":{"o":{"a":1,"k":[{"i":{"x":[0.833],"y":[0.833]},"o":{"x":[0.167],"y":[0.167]},"t":6.625,"s":[0]},{"i":{"x":[0.833],"y":[0.833]},"o":{"x":[0.167],"y":[0.167]},"t":13.25,"s":[100]},{"i":{"x":[0.833],"y":[0.833]},"o":{"x":[0.167],"y":[0.167]},"t":113,"s":[100]},{"t":120,"s":[0]}],"ix":11},"r":{"a":0,"k":0,"ix":10},"p":{"a":1,"k":[{"i":{"x":0.142,"y":1},"o":{"x":0.897,"y":0},"t":19.875,"s":[250,250,0],"to":[29.667,0,0],"ti":[-29.667,0,0]},{"i":{"x":0.667,"y":0.667},"o":{"x":0.333,"y":0.333},"t":36.925,"s":[428,250,0],"to":[0,0,0],"ti":[0,0,0]},{"i":{"x":0.195,"y":1},"o":{"x":1,"y":0},"t":43.45,"s":[428,250,0],"to":[-11,0,0],"ti":[11,0,0]},{"i":{"x":0.195,"y":0.195},"o":{"x":0.167,"y":0.167},"t":56,"s":[362,250,0],"to":[0,0,0],"ti":[0,0,0]},{"i":{"x":0.153,"y":1},"o":{"x":0.883,"y":0},"t":62,"s":[362,250,0],"to":[11,0,0],"ti":[-11,0,0]},{"i":{"x":0.153,"y":0.153},"o":{"x":1,"y":1},"t":78,"s":[428,250,0],"to":[0,0,0],"ti":[0,0,0]},{"i":{"x":0.179,"y":1},"o":{"x":1,"y":0},"t":83,"s":[428,250,0],"to":[-29.667,0,0],"ti":[29.667,0,0]},{"t":102,"s":[250,250,0]}],"ix":2},"a":{"a":0,"k":[0,0,0],"ix":1},"s":{"a":1,"k":[{"i":{"x":[0.113,0.113,0.667],"y":[1,1,1]},"o":{"x":[0.937,0.937,0.333],"y":[0,0,0]},"t":0,"s":[0,0,100]},{"i":{"x":[0.113,0.113,0.667],"y":[1,1,1]},"o":{"x":[0.167,0.167,0.167],"y":[0,0,0]},"t":19.875,"s":[108,108,100]},{"i":{"x":[0.349,0.349,0.667],"y":[1,1,1]},"o":{"x":[0.765,0.765,0.167],"y":[0,0,0]},"t":106,"s":[108,108,100]},{"t":127,"s":[0,0,100]}],"ix":6}},"ao":0,"shapes":[{"ty":"gr","it":[{"ind":0,"ty":"sh","ix":1,"ks":{"a":0,"k":{"i":[[0,-15.691],[15.691,0],[0,15.691],[-15.691,0]],"o":[[0,15.691],[-15.691,0],[0,-15.691],[15.691,0]],"v":[[28.412,0],[0,28.412],[-28.412,0],[0,-28.412]],"c":true},"ix":2},"nm":"Path 1","mn":"ADBE Vector Shape - Group","hd":false},{"ty":"fl","c":{"a":0,"k":[0.5294,0.2745,1,1],"ix":4},"o":{"a":0,"k":100,"ix":5},"r":1,"bm":0,"nm":"Fill 1","mn":"ADBE Vector Graphic - Fill","hd":false},{"ty":"tr","p":{"a":0,"k":[0,0],"ix":2},"a":{"a":0,"k":[0,0],"ix":1},"s":{"a":0,"k":[100,100],"ix":3},"r":{"a":0,"k":0,"ix":6},"o":{"a":0,"k":100,"ix":7},"sk":{"a":0,"k":0,"ix":4},"sa":{"a":0,"k":0,"ix":5},"nm":"Transform"}],"nm":"Group 1","np":2,"cix":2,"bm":0,"ix":1,"mn":"ADBE Vector Group","hd":false}],"ip":0,"op":160,"st":0,"bm":0},{"ddd":0,"ind":2,"ty":4,"nm":"Layer 4","sr":1,"ks":{"o":{"a":1,"k":[{"i":{"x":[0.833],"y":[0.833]},"o":{"x":[0.167],"y":[0.167]},"t":6.625,"s":[0]},{"i":{"x":[0.833],"y":[0.833]},"o":{"x":[0.167],"y":[0.167]},"t":13.25,"s":[100]},{"i":{"x":[0.833],"y":[0.833]},"o":{"x":[0.167],"y":[0.167]},"t":113,"s":[100]},{"t":120,"s":[0]}],"ix":11},"r":{"a":0,"k":0,"ix":10},"p":{"a":1,"k":[{"i":{"x":0.142,"y":1},"o":{"x":0.897,"y":0},"t":19.875,"s":[250,250,0],"to":[-29.667,0,0],"ti":[29.667,0,0]},{"i":{"x":0.667,"y":0.667},"o":{"x":0.333,"y":0.333},"t":36.925,"s":[72,250,0],"to":[0,0,0],"ti":[0,0,0]},{"i":{"x":0.195,"y":1},"o":{"x":1,"y":0},"t":43.45,"s":[72,250,0],"to":[11,0,0],"ti":[-11,0,0]},{"i":{"x":0.195,"y":0.195},"o":{"x":0.167,"y":0.167},"t":56,"s":[138,250,0],"to":[0,0,0],"ti":[0,0,0]},{"i":{"x":0.153,"y":1},"o":{"x":0.883,"y":0},"t":62,"s":[138,250,0],"to":[-11,0,0],"ti":[11,0,0]},{"i":{"x":0.153,"y":0.153},"o":{"x":1,"y":1},"t":78,"s":[72,250,0],"to":[0,0,0],"ti":[0,0,0]},{"i":{"x":0.179,"y":1},"o":{"x":1,"y":0},"t":83,"s":[72,250,0],"to":[29.667,0,0],"ti":[-29.667,0,0]},{"t":102,"s":[250,250,0]}],"ix":2},"a":{"a":0,"k":[0,0,0],"ix":1},"s":{"a":1,"k":[{"i":{"x":[0.113,0.113,0.667],"y":[1,1,1]},"o":{"x":[0.937,0.937,0.333],"y":[0,0,0]},"t":0,"s":[0,0,100]},{"i":{"x":[0.113,0.113,0.667],"y":[1,1,1]},"o":{"x":[0.167,0.167,0.167],"y":[0,0,0]},"t":19.875,"s":[108,108,100]},{"i":{"x":[0.349,0.349,0.667],"y":[1,1,1]},"o":{"x":[0.765,0.765,0.167],"y":[0,0,0]},"t":106,"s":[108,108,100]},{"t":127,"s":[0,0,100]}],"ix":6}},"ao":0,"shapes":[{"ty":"gr","it":[{"ind":0,"ty":"sh","ix":1,"ks":{"a":0,"k":{"i":[[0,-15.691],[15.691,0],[0,15.691],[-15.691,0]],"o":[[0,15.691],[-15.691,0],[0,-15.691],[15.691,0]],"v":[[28.412,0],[0,28.412],[-28.412,0],[0,-28.412]],"c":true},"ix":2},"nm":"Path 1","mn":"ADBE Vector Shape - Group","hd":false},{"ty":"fl","c":{"a":0,"k":[0.5294,0.2745,1,1],"ix":4},"o":{"a":0,"k":100,"ix":5},"r":1,"bm":0,"nm":"Fill 1","mn":"ADBE Vector Graphic - Fill","hd":false},{"ty":"tr","p":{"a":0,"k":[0,0],"ix":2},"a":{"a":0,"k":[0,0],"ix":1},"s":{"a":0,"k":[100,100],"ix":3},"r":{"a":0,"k":0,"ix":6},"o":{"a":0,"k":100,"ix":7},"sk":{"a":0,"k":0,"ix":4},"sa":{"a":0,"k":0,"ix":5},"nm":"Transform"}],"nm":"Group 1","np":2,"cix":2,"bm":0,"ix":1,"mn":"ADBE Vector Group","hd":false}],"ip":0,"op":160,"st":0,"bm":0},{"ddd":0,"ind":3,"ty":4,"nm":"Shape Layer 1","sr":1,"ks":{"o":{"a":0,"k":100,"ix":11},"r":{"a":0,"k":0,"ix":10},"p":{"a":0,"k":[250,250,0],"ix":2},"a":{"a":0,"k":[0,0,0],"ix":1},"s":{"a":1,"k":[{"i":{"x":[0,0.667,0.667],"y":[1,1,1]},"o":{"x":[1,0.333,0.333],"y":[0,0,0]},"t":19.875,"s":[0,100,100]},{"i":{"x":[0.833,0.833,0.833],"y":[1,1,1]},"o":{"x":[0.333,0.333,0.333],"y":[0,0,0]},"t":36.925,"s":[100,100,100]},{"i":{"x":[0.362,0.833,0.833],"y":[1,1,1]},"o":{"x":[0.854,0.167,0.167],"y":[0,0,0]},"t":43.45,"s":[100,100,100]},{"i":{"x":[0.833,0.833,0.833],"y":[1,1,1]},"o":{"x":[0.167,0.167,0.167],"y":[0,0,0]},"t":56,"s":[68,100,100]},{"i":{"x":[0.32,0.833,0.833],"y":[1,1,1]},"o":{"x":[0.883,0.167,0.167],"y":[0,0,0]},"t":62,"s":[68,100,100]},{"i":{"x":[0.833,0.833,0.833],"y":[1,1,1]},"o":{"x":[0.854,0.167,0.167],"y":[0,0,0]},"t":78,"s":[100,100,100]},{"i":{"x":[0.319,0.833,0.833],"y":[1,1,1]},"o":{"x":[0.797,0.167,0.167],"y":[0,0,0]},"t":83,"s":[100,100,100]},{"t":102,"s":[0,100,100]}],"ix":6}},"ao":0,"shapes":[{"ty":"gr","it":[{"ind":0,"ty":"sh","ix":1,"ks":{"a":1,"k":[{"i":{"x":0.195,"y":1},"o":{"x":1,"y":0},"t":43.45,"s":[{"i":[[0,0],[0,0],[0,0],[0,0],[0,0],[0,0],[0,0]],"o":[[0,0],[0,0],[0,0],[0,0],[0,0],[0,0],[0,0]],"v":[[-181,0],[-118,0],[-63,0],[-3,0],[71,0],[122,0],[181,0]],"c":false}]},{"i":{"x":0,"y":1},"o":{"x":0.167,"y":0},"t":56,"s":[{"i":[[0,0],[0,0],[0,0],[0,0],[0,0],[0,0],[0,0]],"o":[[0,0],[0,0],[0,0],[0,0],[0,0],[0,0],[0,0]],"v":[[-181,0],[-93,0],[-59.824,-52.5],[-0.118,94],[61.118,-74.5],[99.941,0],[181,0]],"c":false}]},{"i":{"x":0.019,"y":1},"o":{"x":0.867,"y":0},"t":62,"s":[{"i":[[0,0],[0,0],[0,0],[0,0],[0,0],[0,0],[0,0]],"o":[[0,0],[0,0],[0,0],[0,0],[0,0],[0,0],[0,0]],"v":[[-181,0],[-93,0],[-59.824,-52.5],[-0.118,94],[61.118,-74.5],[99.941,0],[181,0]],"c":false}]},{"t":78,"s":[{"i":[[0,0],[0,0],[0,0],[0,0],[0,0],[0,0],[0,0]],"o":[[0,0],[0,0],[0,0],[0,0],[0,0],[0,0],[0,0]],"v":[[-181,0],[-118,0],[-63,0],[-3,0],[71,0],[122,0],[181,0]],"c":false}]}],"ix":2},"nm":"Path 1","mn":"ADBE Vector Shape - Group","hd":false},{"ty":"st","c":{"a":0,"k":[0.5294,0.2745,1,1],"ix":3},"o":{"a":0,"k":100,"ix":4},"w":{"a":0,"k":20,"ix":5},"lc":1,"lj":1,"ml":4,"bm":0,"nm":"Stroke 1","mn":"ADBE Vector Graphic - Stroke","hd":false},{"ty":"tr","p":{"a":0,"k":[0,0],"ix":2},"a":{"a":0,"k":[0,0],"ix":1},"s":{"a":0,"k":[100,100],"ix":3},"r":{"a":0,"k":0,"ix":6},"o":{"a":0,"k":100,"ix":7},"sk":{"a":0,"k":0,"ix":4},"sa":{"a":0,"k":0,"ix":5},"nm":"Transform"}],"nm":"Shape 1","np":3,"cix":2,"bm":0,"ix":1,"mn":"ADBE Vector Group","hd":false}],"ip":15,"op":160,"st":0,"bm":0}],"markers":[]}